"Código","capítulo","Cada","email","number"
"01354-02","DDD","DDD",200000,200001
"11354-01","EEE","EEE",200001,200002
"01354-03e04","FFFFF","FFFFF",200002,200003
"01359-05e06","GGGGG","GGGGG",200003,200004
"01349-03","HHHHHH","HHHHHH",200004,200005
"01349-04","IIIIII","IIIIII",200005,200006
"01349-01e02","JJJJJJ","JJJJJJ",200006,200007
"01347-02","AaaA","AaaA",200007,200008
"01347-07e08","BBBB","BBBB",200008,200009
"01347-05e06","DDD","DDD",200009,200010
"01347-03e04","EEE","EEE",200010,200011
"01365-01","FFFFF","FFFFF",200011,200012
"01365-02","GGGGG","GGGGG",200012,200013
"01362-04","HHHHHH","HHHHHH",200013,200014
"01343-02","IIIIII","IIIIII",200014,200015
"01354-07e08","JJJJJJ","JJJJJJ",200015,200016
"04158-03","AaaA","AaaA",200016,200017
"01354-05","BBBB","BBBB",200017,200018
"01354-06","DDD","DDD",200018,200019
"01341-02","EEE","EEE",200019,200020
"01344-02","FFFFF","FFFFF",200020,200021
"01352-05","GGGGG","GGGGG",200021,200022
"01351-03","HHHHHH","HHHHHH",200022,200023
"01353-02","IIIIII","IIIIII",200023,200024
"01353-03e04","JJJJJJ","JJJJJJ",200024,200025
"01351-01","AaaA","AaaA",200025,200026
"01351-02","BBBB","BBBB",200026,200027
"01359-03","DDD","DDD",200027,200028
"01335-02","EEE","EEE",200028,200029
"01335-01","FFFFF","FFFFF",200029,200030
"01296-08","GGGGG","GGGGG",200030,200031
"01342-01","HHHHHH","HHHHHH",200031,200032
"01342-02","IIIIII","IIIIII",200032,200033
"01342-03","JJJJJJ","JJJJJJ",200033,200034
"01342-04","AaaA","AaaA",200034,200035
"01360-01","BBBB","BBBB",200035,200036
"01360-02","DDD","DDD",200036,200037
"01360-03","EEE","EEE",200037,200038
"01360-04","FFFFF","FFFFF",200038,200039
"01355-06","GGGGG","GGGGG",200039,200040
"01355-06e08","HHHHHH","HHHHHH",200040,200041
"01302-01","IIIIII","IIIIII",200041,200042
"01302-02","JJJJJJ","JJJJJJ",200042,200043
"01305-02","AaaA","AaaA",200043,200044
"01303-01","BBBB","BBBB",200044,200045
"01303-02","DDD","DDD",200045,200046
"01329-01","EEE","EEE",200046,200047
"01291-08","FFFFF","FFFFF",200047,200048
"01287-01","GGGGG","GGGGG",200048,200049
"01287-02","HHHHHH","HHHHHH",200049,200050
"01292-02","IIIIII","IIIIII",200050,200051
"01296-01e02","JJJJJJ","JJJJJJ",200051,200052
"01331-01","AaaA","AaaA",200052,200053
"01331-01e02","BBBB","BBBB",200053,200054
"01331-02","DDD","DDD",200054,200055
"01331-03e04","EEE","EEE",200055,200056
"04158-02","FFFFF","FFFFF",200056,200057
"01320-01","GGGGG","GGGGG",200057,200058
"01350-05","HHHHHH","HHHHHH",200058,200059
"01350-06","IIIIII","IIIIII",200059,200060
"01320-02","JJJJJJ","JJJJJJ",200060,200061
"01320-03e04","AaaA","AaaA",200061,200062
"01363-03e04","BBBB","BBBB",200062,200063
"01366-02","DDD","DDD",200063,200064
"04158-01","EEE","EEE",200064,200065
"04154-08","FFFFF","FFFFF",200065,200066
"01287-05","GGGGG","GGGGG",200066,200067
"01287-06","HHHHHH","HHHHHH",200067,200068
"01327-01","IIIIII","IIIIII",200068,200069
"01327-02","JJJJJJ","JJJJJJ",200069,200070
"01327-03e04","AaaA","AaaA",200070,200071
"01307-06","BBBB","BBBB",200071,200072
"01277-01","DDD","DDD",200072,200073
"01277-02","EEE","EEE",200073,200074
"01305-01","FFFFF","FFFFF",200074,200075
"01305-03e04","GGGGG","GGGGG",200075,200076
"01277-05e06","HHHHHH","HHHHHH",200076,200077
"01364-01","IIIIII","IIIIII",200077,200078
"01277-03","JJJJJJ","JJJJJJ",200078,200079
"01277-04","AaaA","AaaA",200079,200080
"01460-03e04","BBBB","BBBB",200080,200081
"01364-02","DDD","DDD",200081,200082
"01364-03","EEE","EEE",200082,200083
"01296-05","FFFFF","FFFFF",200083,200084
"01262-01","GGGGG","GGGGG",200084,200085
"01324-02","HHHHHH","HHHHHH",200085,200086
"01297-03","IIIIII","IIIIII",200086,200087
"01297-04","JJJJJJ","JJJJJJ",200087,200088
"01297-05e06","AaaA","AaaA",200088,200089
"01363-01","BBBB","BBBB",200089,200090
"01363-02","DDD","DDD",200090,200091
"01363-05","EEE","EEE",200091,200092
"01363-06","FFFFF","FFFFF",200092,200093
"01290-01","GGGGG","GGGGG",200093,200094
"01290-02","HHHHHH","HHHHHH",200094,200095
"01290-03e04","IIIIII","IIIIII",200095,200096
"01327-05","JJJJJJ","JJJJJJ",200096,200097
"01327-06","AaaA","AaaA",200097,200098
"01318-02","BBBB","BBBB",200098,200099
